{
	"Info": "asdf",
	"Modulation params": {
		"Amplitude": 0.1,
		"Offset": 0.3,
		"Frequency": 37.5
	},
	"Gains": {
		"Urefgain": 6.0,
		"Umodgain": 6.0,
		"Utplgain": 6.0,
		"Uhtrgain": 6.0
	},
	"Calibration coeff": {
		"Utpl": {
			"0": 0.143
		},
		"Ttpl": {
			"0": 0.427380798094621,
			"1": -0.0000635736274580307
		},
		"Thtr": {
			"0": -1069.7,
			"1": 0.78336,
			"2": -0.0000867816274580307,
			"corr": 0.0
		},
		"Thtrd": {
			"0": -1386.2,
			"1": 1.0969,
			"2": -0.00016554,
			"corr": 0.0
		},
		"Uhtr": {
			"0": 0.0,
			"1": 1.0
		},
		"Ihtr": {
			"0": 0.0,
			"1": 1.0
		},
		"Theater": {
			"0": -0.42986,
			"1": -2.425,
			"2": 8.0393
		},
		"Amplitude correction": {
			"0": 0.961110197873431,
			"1": 0.00131262947507512,
			"2": 3.12771470006885E-7,
			"3": 0.0
		},
		"R heater": 1700.0,
		"Heater safe voltage": 9.0
	}
}