{
    "Info": "test calibration for 39392 sensors from gui",
    "Calibration coeff": {
        "Utpl": {
            "0": 0.143
        },
        "Ttpl": {
            "0": 0.427380798094621,
            "1": -6.34e-05
        },
        "Thtr": {
            "0": -1069.7,
            "1": 0.78336,
            "2": -8.67e-05,
            "corr": 0.0
        },
        "Thtrd": {
            "0": -1386.2,
            "1": 1.0969,
            "2": -0.00016554,
            "corr": 0.0
        },
        "Uhtr": {
            "0": 0.0,
            "1": 1.0
        },
        "Ihtr": {
            "0": 0.0,
            "1": 1.0
        },
        "Theater": {
            "0": -2.425,
            "1": 8.0393,
            "2": -0.42986
        },
        "Amplitude correction": {
            "0": 0.961110197873431,
            "1": 0.00131262947507512,
            "2": 3.12e-07,
            "3": 0.0
        },
        "R heater": 1700.0,
        "R guard": 2300.0,
        "Heater safe voltage": 9.0
    }
}