{
	"Info": "direct calibration file",
	"Calibration coeff": {
		"Utpl": {
			"0": 0.018
		},
		"Ttpl": {
			"0": 0.745078516,
			"1": -0.000288343
		},
		"Thtr": {
			"0": -1178.8,
			"1": 0.88837,
			"2": -0.00011814,
			"corr": 0
		},
		"Thtrd": {
			"0": -1222.3,
			"1": 0.92621,
			"2": -0.00012627,
			"corr": 0
		},
		"Uhtr": {
			"0": 0.0,
			"1": 1.0
		},
		"Ihtr": {
			"0": 0.0,
			"1": 1.0
		},
		"Theater": {
			"0": 1.1552,
			"1": 7.5075,
			"2": -0.40918
		},
		"Amplitude correction": {
			"0": 0.9722957,
			"1": 0.0011691,
			"2": 1.092095,
			"3": 0.0
		},
		"R heater": 1700.0,
		"R guard": 2300.0,
		"Heater safe voltage": 9.0
	}
}