{
    "Info": "calibration16_04_IR",
    "Calibration coeff": {
        "Utpl": {
            "0": -0.6083
        },
        "Ttpl": {
            "0": 0.5731528372,
            "1": -0.0001545507
        },
        "Thtr": {
            "0": -1280.1415975679,
            "1": 0.9736005947,
            "2": -0.0001258963,
            "corr": 0.0
        },
        "Thtrd": {
            "0": -1051.2881931527,
            "1": 0.7348032912,
            "2": -6.34767e-05,
            "corr": 0.0
        },
        "Uhtr": {
            "0": 0.0,
            "1": 1.0
        },
        "Ihtr": {
            "0": 0.0,
            "1": 1.0
        },
        "Theater": {
            "0": 19.1274331295,
            "1": 3.7241472506,
            "2": -0.0775801177
        },
        "Amplitude correction": {
            "0": 0.0,
            "1": 1.0,
            "2": 0.0,
            "3": 0.0
        },
        "R heater": 1700.0,
        "R guard": 2300.0,
        "Heater safe voltage": 9.0
    }
}