{
    "Info": "direct calibration file",
    "Calibration coeff": {
        "Utpl": {
            "0": 0.0
        },
        "Ttpl": {
            "0": 0.5006620825,
            "1": -0.0001700122
        },
        "Thtr": {
            "0": -1102.899070631,
            "1": 0.8783382324,
            "2": -0.0001274724,
            "corr": 0.0
        },
        "Thtrd": {
            "0": -1180.3629598551,
            "1": 0.9478044709,
            "2": -0.0001418713,
            "corr": 0.0
        },
        "Uhtr": {
            "0": 0.0,
            "1": 1.0
        },
        "Ihtr": {
            "0": 0.0,
            "1": 1.0
        },
        "Theater": {
            "0": 20.9019638361,
            "1": 3.072136111,
            "2": -0.1706654035
        },
        "Amplitude correction": {
            "0": 0.0,
            "1": 1.0,
            "2": 0.0,
            "3": 0.0
        },
        "R heater": 1700.0,
        "R guard": 2300.0,
        "Heater safe voltage": 9.0
    }
}