{
    "Info": "calib_01_04_2026",
    "Calibration coeff": {
        "Utpl": {
            "0": -0.6371
        },
        "Ttpl": {
            "0": 1.42358,
            "1": 0.00386519
        },
        "Thtr": {
            "0": -1423.5891665578,
            "1": 1.1691035267,
            "2": -0.0001901732,
            "corr": 0.0
        },
        "Thtrd": {
            "0": -1453.0124296123,
            "1": 1.1912933622,
            "2": -0.0001934855,
            "corr": 0.0
        },
        "Uhtr": {
            "0": 0.0,
            "1": 1.0
        },
        "Ihtr": {
            "0": 0.0,
            "1": 1.0
        },
        "Theater": {
            "0": 11.6454934919,
            "1": 6.4476160822,
            "2": -0.4110257028
        },
        "Amplitude correction": {
            "0": 0.0,
            "1": 1.0,
            "2": 0.0,
            "3": 0.0
        },
        "R heater": 1700.0,
        "R guard": 2300.0,
        "Heater safe voltage": 9.0
    }
}